BMI_group,Sad_binary
Low,0.2887700534759358
Medium,0.2936526389211811
High,0.3109302325581395
